Timestamp,User Count,Type,Name,Requests/s,Failures/s,50%,66%,75%,80%,90%,95%,98%,99%,99.9%,99.99%,100%,Total Request Count,Total Failure Count,Total Median Response Time,Total Average Response Time,Total Min Response Time,Total Max Response Time,Total Average Content Size
1785796660,0,,Aggregated,0.000000,0.000000,N/A,N/A,N/A,N/A,N/A,N/A,N/A,N/A,N/A,N/A,N/A,0,0,0,0.0,0,0,0
1785796661,1,,Aggregated,0.000000,0.000000,N/A,N/A,N/A,N/A,N/A,N/A,N/A,N/A,N/A,N/A,N/A,0,0,0,0.0,0,0,0
1785796663,2,,Aggregated,0.000000,0.000000,21,21,21,21,21,21,21,21,21,21,21,1,0,20.5235410000002,20.5235410000002,20.5235410000002,20.5235410000002,242.0
1785796664,2,,Aggregated,0.000000,0.000000,21,21,21,21,21,21,21,21,21,21,21,1,0,20.5235410000002,20.5235410000002,20.5235410000002,20.5235410000002,242.0
1785796665,2,,Aggregated,0.000000,0.000000,21,21,21,21,21,21,21,21,21,21,21,1,0,20.5235410000002,20.5235410000002,20.5235410000002,20.5235410000002,242.0
1785796666,2,,Aggregated,0.000000,0.000000,21,21,21,21,21,21,21,21,21,21,21,1,0,20.5235410000002,20.5235410000002,20.5235410000002,20.5235410000002,242.0
1785796667,2,,Aggregated,0.000000,0.000000,21,21,21,21,21,21,21,21,21,21,21,1,0,20.5235410000002,20.5235410000002,20.5235410000002,20.5235410000002,242.0
1785796668,2,,Aggregated,0.000000,0.000000,21,21,21,21,21,21,21,21,21,21,21,1,0,20.5235410000002,20.5235410000002,20.5235410000002,20.5235410000002,242.0
1785796669,2,,Aggregated,0.000000,0.000000,21,21,21,21,21,21,21,21,21,21,21,1,0,20.5235410000002,20.5235410000002,20.5235410000002,20.5235410000002,242.0
1785796670,2,,Aggregated,0.000000,0.000000,21,21,21,21,21,21,21,21,21,21,21,1,0,20.5235410000002,20.5235410000002,20.5235410000002,20.5235410000002,242.0
1785796671,2,,Aggregated,0.000000,0.000000,21,21,21,21,21,21,21,21,21,21,21,1,0,20.5235410000002,20.5235410000002,20.5235410000002,20.5235410000002,242.0
1785796672,2,,Aggregated,0.000000,0.000000,21,21,21,21,21,21,21,21,21,21,21,1,0,20.5235410000002,20.5235410000002,20.5235410000002,20.5235410000002,242.0
1785796673,2,,Aggregated,0.000000,0.000000,21,21,21,21,21,21,21,21,21,21,21,1,0,20.5235410000002,20.5235410000002,20.5235410000002,20.5235410000002,242.0
1785796674,2,,Aggregated,0.000000,0.000000,21,21,21,21,21,21,21,21,21,21,21,1,0,20.5235410000002,20.5235410000002,20.5235410000002,20.5235410000002,242.0
1785796675,2,,Aggregated,0.000000,0.000000,21,21,21,21,21,21,21,21,21,21,21,1,0,20.5235410000002,20.5235410000002,20.5235410000002,20.5235410000002,242.0
1785796676,2,,Aggregated,0.000000,0.000000,21,21,21,21,21,21,21,21,21,21,21,1,0,20.5235410000002,20.5235410000002,20.5235410000002,20.5235410000002,242.0
1785796677,2,,Aggregated,0.000000,0.000000,21,21,21,21,21,21,21,21,21,21,21,1,0,20.5235410000002,20.5235410000002,20.5235410000002,20.5235410000002,242.0
1785796678,2,,Aggregated,0.000000,0.000000,21,21,21,21,21,21,21,21,21,21,21,1,0,20.5235410000002,20.5235410000002,20.5235410000002,20.5235410000002,242.0
1785796679,2,,Aggregated,0.000000,0.000000,21,21,21,21,21,21,21,21,21,21,21,1,0,20.5235410000002,20.5235410000002,20.5235410000002,20.5235410000002,242.0
1785796680,2,,Aggregated,0.000000,0.000000,21,21,21,21,21,21,21,21,21,21,21,1,0,20.5235410000002,20.5235410000002,20.5235410000002,20.5235410000002,242.0
1785796681,2,,Aggregated,0.000000,0.000000,21,21,21,21,21,21,21,21,21,21,21,1,0,20.5235410000002,20.5235410000002,20.5235410000002,20.5235410000002,242.0
1785796682,2,,Aggregated,0.000000,0.000000,21,21,21,21,21,21,21,21,21,21,21,1,0,20.5235410000002,20.5235410000002,20.5235410000002,20.5235410000002,242.0
1785796683,2,,Aggregated,0.000000,0.000000,21,21,21,21,21,21,21,21,21,21,21,1,0,20.5235410000002,20.5235410000002,20.5235410000002,20.5235410000002,242.0
1785796684,2,,Aggregated,0.000000,0.000000,21,21,21,21,21,21,21,21,21,21,21,1,0,20.5235410000002,20.5235410000002,20.5235410000002,20.5235410000002,242.0
1785796685,2,,Aggregated,0.000000,0.000000,21,21,21,21,21,21,21,21,21,21,21,1,0,20.5235410000002,20.5235410000002,20.5235410000002,20.5235410000002,242.0
1785796686,2,,Aggregated,0.000000,0.000000,21,21,21,21,21,21,21,21,21,21,21,1,0,20.5235410000002,20.5235410000002,20.5235410000002,20.5235410000002,242.0
1785796687,2,,Aggregated,0.000000,0.000000,21,21,21,21,21,21,21,21,21,21,21,1,0,20.5235410000002,20.5235410000002,20.5235410000002,20.5235410000002,242.0
1785796688,2,,Aggregated,0.000000,0.000000,21,21,21,21,21,21,21,21,21,21,21,1,0,20.5235410000002,20.5235410000002,20.5235410000002,20.5235410000002,242.0
1785796689,2,,Aggregated,0.000000,0.000000,21,21,21,21,21,21,21,21,21,21,21,1,0,20.5235410000002,20.5235410000002,20.5235410000002,20.5235410000002,242.0
1785796690,2,,Aggregated,0.000000,0.000000,21,21,21,21,21,21,21,21,21,21,21,1,0,20.5235410000002,20.5235410000002,20.5235410000002,20.5235410000002,242.0
1785796691,2,,Aggregated,0.000000,0.000000,21,21,21,21,21,21,21,21,21,21,21,1,0,20.5235410000002,20.5235410000002,20.5235410000002,20.5235410000002,242.0
1785796692,2,,Aggregated,0.000000,0.000000,21,21,21,21,21,21,21,21,21,21,21,1,0,20.5235410000002,20.5235410000002,20.5235410000002,20.5235410000002,242.0
1785796693,2,,Aggregated,0.000000,0.000000,21,21,21,21,21,21,21,21,21,21,21,1,0,20.5235410000002,20.5235410000002,20.5235410000002,20.5235410000002,242.0
1785796694,2,,Aggregated,0.000000,0.000000,21,21,21,21,21,21,21,21,21,21,21,1,0,20.5235410000002,20.5235410000002,20.5235410000002,20.5235410000002,242.0
1785796695,2,,Aggregated,0.000000,0.000000,21,21,21,21,21,21,21,21,21,21,21,1,0,20.5235410000002,20.5235410000002,20.5235410000002,20.5235410000002,242.0
1785796696,2,,Aggregated,0.000000,0.000000,21,21,21,21,21,21,21,21,21,21,21,1,0,20.5235410000002,20.5235410000002,20.5235410000002,20.5235410000002,242.0
1785796697,2,,Aggregated,0.000000,0.000000,21,21,21,21,21,21,21,21,21,21,21,1,0,20.5235410000002,20.5235410000002,20.5235410000002,20.5235410000002,242.0
1785796698,2,,Aggregated,0.000000,0.000000,21,21,21,21,21,21,21,21,21,21,21,1,0,20.5235410000002,20.5235410000002,20.5235410000002,20.5235410000002,242.0
1785796699,2,,Aggregated,0.000000,0.000000,21,21,21,21,21,21,21,21,21,21,21,1,0,20.5235410000002,20.5235410000002,20.5235410000002,20.5235410000002,242.0
1785796700,2,,Aggregated,0.000000,0.000000,21,21,21,21,21,21,21,21,21,21,21,1,0,20.5235410000002,20.5235410000002,20.5235410000002,20.5235410000002,242.0
1785796701,2,,Aggregated,0.000000,0.000000,21,21,21,21,21,21,21,21,21,21,21,1,0,20.5235410000002,20.5235410000002,20.5235410000002,20.5235410000002,242.0
1785796702,2,,Aggregated,0.000000,0.000000,21,21,21,21,21,21,21,21,21,21,21,1,0,20.5235410000002,20.5235410000002,20.5235410000002,20.5235410000002,242.0
1785796703,2,,Aggregated,0.000000,0.000000,21,21,21,21,21,21,21,21,21,21,21,1,0,20.5235410000002,20.5235410000002,20.5235410000002,20.5235410000002,242.0
1785796704,2,,Aggregated,0.000000,0.000000,21,21,21,21,21,21,21,21,21,21,21,1,0,20.5235410000002,20.5235410000002,20.5235410000002,20.5235410000002,242.0
1785796705,2,,Aggregated,0.000000,0.000000,21,21,21,21,21,21,21,21,21,21,21,1,0,20.5235410000002,20.5235410000002,20.5235410000002,20.5235410000002,242.0
1785796706,2,,Aggregated,0.000000,0.000000,21,21,21,21,21,21,21,21,21,21,21,1,0,20.5235410000002,20.5235410000002,20.5235410000002,20.5235410000002,242.0
1785796707,2,,Aggregated,0.000000,0.000000,21,21,21,21,21,21,21,21,21,21,21,1,0,20.5235410000002,20.5235410000002,20.5235410000002,20.5235410000002,242.0
1785796708,2,,Aggregated,0.000000,0.000000,21,21,21,21,21,21,21,21,21,21,21,1,0,20.5235410000002,20.5235410000002,20.5235410000002,20.5235410000002,242.0
1785796709,2,,Aggregated,0.000000,0.000000,21,21,21,21,21,21,21,21,21,21,21,1,0,20.5235410000002,20.5235410000002,20.5235410000002,20.5235410000002,242.0
1785796710,2,,Aggregated,0.000000,0.000000,21,21,21,21,21,21,21,21,21,21,21,1,0,20.5235410000002,20.5235410000002,20.5235410000002,20.5235410000002,242.0
1785796711,2,,Aggregated,0.000000,0.000000,21,21,21,21,21,21,21,21,21,21,21,1,0,20.5235410000002,20.5235410000002,20.5235410000002,20.5235410000002,242.0
1785796712,2,,Aggregated,0.000000,0.000000,21,21,21,21,21,21,21,21,21,21,21,1,0,20.5235410000002,20.5235410000002,20.5235410000002,20.5235410000002,242.0
1785796713,2,,Aggregated,0.000000,0.000000,21,21,21,21,21,21,21,21,21,21,21,1,0,20.5235410000002,20.5235410000002,20.5235410000002,20.5235410000002,242.0
1785796714,2,,Aggregated,0.000000,0.000000,21,21,21,21,21,21,21,21,21,21,21,1,0,20.5235410000002,20.5235410000002,20.5235410000002,20.5235410000002,242.0
1785796715,2,,Aggregated,0.000000,0.000000,21,21,21,21,21,21,21,21,21,21,21,1,0,20.5235410000002,20.5235410000002,20.5235410000002,20.5235410000002,242.0
1785796716,2,,Aggregated,0.000000,0.000000,21,21,21,21,21,21,21,21,21,21,21,1,0,20.5235410000002,20.5235410000002,20.5235410000002,20.5235410000002,242.0
1785796717,2,,Aggregated,0.000000,0.000000,21,21,21,21,21,21,21,21,21,21,21,1,0,20.5235410000002,20.5235410000002,20.5235410000002,20.5235410000002,242.0
1785796718,2,,Aggregated,0.000000,0.000000,21,21,21,21,21,21,21,21,21,21,21,1,0,20.5235410000002,20.5235410000002,20.5235410000002,20.5235410000002,242.0
1785796719,2,,Aggregated,0.000000,0.000000,21,21,21,21,21,21,21,21,21,21,21,1,0,20.5235410000002,20.5235410000002,20.5235410000002,20.5235410000002,242.0
1785796720,2,,Aggregated,0.000000,0.000000,21,21,21,21,21,21,21,21,21,21,21,1,0,20.5235410000002,20.5235410000002,20.5235410000002,20.5235410000002,242.0
1785796721,2,,Aggregated,0.000000,0.000000,21,21,21,21,21,21,21,21,21,21,21,1,0,20.5235410000002,20.5235410000002,20.5235410000002,20.5235410000002,242.0
1785796722,2,,Aggregated,0.000000,0.000000,21,21,21,21,21,21,21,21,21,21,21,1,0,20.5235410000002,20.5235410000002,20.5235410000002,20.5235410000002,242.0
1785796723,2,,Aggregated,0.000000,0.000000,21,21,21,21,21,21,21,21,21,21,21,1,0,20.5235410000002,20.5235410000002,20.5235410000002,20.5235410000002,242.0
1785796724,2,,Aggregated,0.000000,0.000000,21,21,21,21,21,21,21,21,21,21,21,1,0,20.5235410000002,20.5235410000002,20.5235410000002,20.5235410000002,242.0
1785796725,2,,Aggregated,0.000000,0.000000,21,21,21,21,21,21,21,21,21,21,21,1,0,20.5235410000002,20.5235410000002,20.5235410000002,20.5235410000002,242.0
1785796726,2,,Aggregated,0.000000,0.000000,21,21,21,21,21,21,21,21,21,21,21,1,0,20.5235410000002,20.5235410000002,20.5235410000002,20.5235410000002,242.0
1785796727,2,,Aggregated,0.000000,0.000000,21,21,21,21,21,21,21,21,21,21,21,1,0,20.5235410000002,20.5235410000002,20.5235410000002,20.5235410000002,242.0
1785796728,2,,Aggregated,0.000000,0.000000,21,21,21,21,21,21,21,21,21,21,21,1,0,20.5235410000002,20.5235410000002,20.5235410000002,20.5235410000002,242.0
1785796729,2,,Aggregated,0.000000,0.000000,21,21,21,21,21,21,21,21,21,21,21,1,0,20.5235410000002,20.5235410000002,20.5235410000002,20.5235410000002,242.0
1785796730,2,,Aggregated,0.000000,0.000000,21,21,21,21,21,21,21,21,21,21,21,1,0,20.5235410000002,20.5235410000002,20.5235410000002,20.5235410000002,242.0
1785796731,2,,Aggregated,0.000000,0.000000,21,21,21,21,21,21,21,21,21,21,21,1,0,20.5235410000002,20.5235410000002,20.5235410000002,20.5235410000002,242.0
1785796732,2,,Aggregated,0.000000,0.000000,21,21,21,21,21,21,21,21,21,21,21,1,0,20.5235410000002,20.5235410000002,20.5235410000002,20.5235410000002,242.0
1785796733,2,,Aggregated,0.000000,0.000000,21,21,21,21,21,21,21,21,21,21,21,1,0,20.5235410000002,20.5235410000002,20.5235410000002,20.5235410000002,242.0
1785796734,2,,Aggregated,0.000000,0.000000,21,21,21,21,21,21,21,21,21,21,21,1,0,20.5235410000002,20.5235410000002,20.5235410000002,20.5235410000002,242.0
1785796735,2,,Aggregated,0.000000,0.000000,21,21,21,21,21,21,21,21,21,21,21,1,0,20.5235410000002,20.5235410000002,20.5235410000002,20.5235410000002,242.0
1785796736,2,,Aggregated,0.000000,0.000000,21,21,21,21,21,21,21,21,21,21,21,1,0,20.5235410000002,20.5235410000002,20.5235410000002,20.5235410000002,242.0
1785796737,2,,Aggregated,0.000000,0.000000,21,21,21,21,21,21,21,21,21,21,21,1,0,20.5235410000002,20.5235410000002,20.5235410000002,20.5235410000002,242.0
1785796738,2,,Aggregated,0.000000,0.000000,21,21,21,21,21,21,21,21,21,21,21,1,0,20.5235410000002,20.5235410000002,20.5235410000002,20.5235410000002,242.0
1785796739,2,,Aggregated,0.000000,0.000000,21,21,21,21,21,21,21,21,21,21,21,1,0,20.5235410000002,20.5235410000002,20.5235410000002,20.5235410000002,242.0
1785796740,2,,Aggregated,0.000000,0.000000,21,21,21,21,21,21,21,21,21,21,21,1,0,20.5235410000002,20.5235410000002,20.5235410000002,20.5235410000002,242.0
1785796741,2,,Aggregated,0.000000,0.000000,21,21,21,21,21,21,21,21,21,21,21,1,0,20.5235410000002,20.5235410000002,20.5235410000002,20.5235410000002,242.0
1785796742,2,,Aggregated,0.000000,0.000000,21,21,21,21,21,21,21,21,21,21,21,1,0,20.5235410000002,20.5235410000002,20.5235410000002,20.5235410000002,242.0
1785796743,2,,Aggregated,0.000000,0.000000,21,21,21,21,21,21,21,21,21,21,21,1,0,20.5235410000002,20.5235410000002,20.5235410000002,20.5235410000002,242.0
1785796744,2,,Aggregated,0.000000,0.000000,21,21,21,21,21,21,21,21,21,21,21,1,0,20.5235410000002,20.5235410000002,20.5235410000002,20.5235410000002,242.0
1785796745,2,,Aggregated,0.000000,0.000000,21,21,21,21,21,21,21,21,21,21,21,1,0,20.5235410000002,20.5235410000002,20.5235410000002,20.5235410000002,242.0
1785796746,2,,Aggregated,0.000000,0.000000,21,21,21,21,21,21,21,21,21,21,21,1,0,20.5235410000002,20.5235410000002,20.5235410000002,20.5235410000002,242.0
1785796747,2,,Aggregated,0.000000,0.000000,21,21,21,21,21,21,21,21,21,21,21,1,0,20.5235410000002,20.5235410000002,20.5235410000002,20.5235410000002,242.0
1785796748,2,,Aggregated,0.000000,0.000000,21,21,21,21,21,21,21,21,21,21,21,1,0,20.5235410000002,20.5235410000002,20.5235410000002,20.5235410000002,242.0
1785796749,2,,Aggregated,0.000000,0.000000,21,21,21,21,21,21,21,21,21,21,21,1,0,20.5235410000002,20.5235410000002,20.5235410000002,20.5235410000002,242.0
1785796750,2,,Aggregated,0.000000,0.000000,21,21,21,21,21,21,21,21,21,21,21,1,0,20.5235410000002,20.5235410000002,20.5235410000002,20.5235410000002,242.0
1785796751,2,,Aggregated,0.000000,0.000000,21,21,21,21,21,21,21,21,21,21,21,1,0,20.5235410000002,20.5235410000002,20.5235410000002,20.5235410000002,242.0
1785796752,2,,Aggregated,0.000000,0.000000,21,21,21,21,21,21,21,21,21,21,21,1,0,20.5235410000002,20.5235410000002,20.5235410000002,20.5235410000002,242.0
1785796753,2,,Aggregated,0.000000,0.000000,21,21,21,21,21,21,21,21,21,21,21,1,0,20.5235410000002,20.5235410000002,20.5235410000002,20.5235410000002,242.0
1785796754,2,,Aggregated,0.000000,0.000000,21,21,21,21,21,21,21,21,21,21,21,1,0,20.5235410000002,20.5235410000002,20.5235410000002,20.5235410000002,242.0
1785796755,2,,Aggregated,0.000000,0.000000,21,21,21,21,21,21,21,21,21,21,21,1,0,20.5235410000002,20.5235410000002,20.5235410000002,20.5235410000002,242.0
1785796756,2,,Aggregated,0.000000,0.000000,21,21,21,21,21,21,21,21,21,21,21,1,0,20.5235410000002,20.5235410000002,20.5235410000002,20.5235410000002,242.0
1785796757,2,,Aggregated,0.000000,0.000000,21,21,21,21,21,21,21,21,21,21,21,1,0,20.5235410000002,20.5235410000002,20.5235410000002,20.5235410000002,242.0
1785796758,2,,Aggregated,0.000000,0.000000,21,21,21,21,21,21,21,21,21,21,21,1,0,20.5235410000002,20.5235410000002,20.5235410000002,20.5235410000002,242.0
1785796759,2,,Aggregated,0.000000,0.000000,21,21,21,21,21,21,21,21,21,21,21,1,0,20.5235410000002,20.5235410000002,20.5235410000002,20.5235410000002,242.0
1785796760,2,,Aggregated,0.000000,0.000000,21,21,21,21,21,21,21,21,21,21,21,1,0,20.5235410000002,20.5235410000002,20.5235410000002,20.5235410000002,242.0
1785796761,2,,Aggregated,0.000000,0.000000,21,21,21,21,21,21,21,21,21,21,21,1,0,20.5235410000002,20.5235410000002,20.5235410000002,20.5235410000002,242.0
1785796762,2,,Aggregated,0.000000,0.000000,21,21,21,21,21,21,21,21,21,21,21,1,0,20.5235410000002,20.5235410000002,20.5235410000002,20.5235410000002,242.0
1785796763,2,,Aggregated,0.000000,0.000000,21,21,21,21,21,21,21,21,21,21,21,1,0,20.5235410000002,20.5235410000002,20.5235410000002,20.5235410000002,242.0
1785796764,2,,Aggregated,0.000000,0.000000,21,21,21,21,21,21,21,21,21,21,21,1,0,20.5235410000002,20.5235410000002,20.5235410000002,20.5235410000002,242.0
1785796765,2,,Aggregated,0.000000,0.000000,21,21,21,21,21,21,21,21,21,21,21,1,0,20.5235410000002,20.5235410000002,20.5235410000002,20.5235410000002,242.0
1785796766,2,,Aggregated,0.000000,0.000000,21,21,21,21,21,21,21,21,21,21,21,1,0,20.5235410000002,20.5235410000002,20.5235410000002,20.5235410000002,242.0
1785796767,2,,Aggregated,0.000000,0.000000,21,21,21,21,21,21,21,21,21,21,21,1,0,20.5235410000002,20.5235410000002,20.5235410000002,20.5235410000002,242.0
1785796768,2,,Aggregated,0.000000,0.000000,21,21,21,21,21,21,21,21,21,21,21,1,0,20.5235410000002,20.5235410000002,20.5235410000002,20.5235410000002,242.0
1785796769,2,,Aggregated,0.000000,0.000000,21,21,21,21,21,21,21,21,21,21,21,1,0,20.5235410000002,20.5235410000002,20.5235410000002,20.5235410000002,242.0
1785796770,2,,Aggregated,0.000000,0.000000,21,21,21,21,21,21,21,21,21,21,21,1,0,20.5235410000002,20.5235410000002,20.5235410000002,20.5235410000002,242.0
1785796771,2,,Aggregated,0.000000,0.000000,21,21,21,21,21,21,21,21,21,21,21,1,0,20.5235410000002,20.5235410000002,20.5235410000002,20.5235410000002,242.0
1785796772,2,,Aggregated,0.000000,0.000000,21,21,21,21,21,21,21,21,21,21,21,1,0,20.5235410000002,20.5235410000002,20.5235410000002,20.5235410000002,242.0
1785796773,2,,Aggregated,0.000000,0.000000,21,21,21,21,21,21,21,21,21,21,21,1,0,20.5235410000002,20.5235410000002,20.5235410000002,20.5235410000002,242.0
1785796774,2,,Aggregated,0.000000,0.000000,21,21,21,21,21,21,21,21,21,21,21,1,0,20.5235410000002,20.5235410000002,20.5235410000002,20.5235410000002,242.0
1785796775,2,,Aggregated,0.000000,0.000000,21,21,21,21,21,21,21,21,21,21,21,1,0,20.5235410000002,20.5235410000002,20.5235410000002,20.5235410000002,242.0
1785796776,2,,Aggregated,0.000000,0.000000,21,21,21,21,21,21,21,21,21,21,21,1,0,20.5235410000002,20.5235410000002,20.5235410000002,20.5235410000002,242.0
1785796777,2,,Aggregated,0.000000,0.000000,21,21,21,21,21,21,21,21,21,21,21,1,0,20.5235410000002,20.5235410000002,20.5235410000002,20.5235410000002,242.0
1785796778,2,,Aggregated,0.000000,0.000000,21,21,21,21,21,21,21,21,21,21,21,1,0,20.5235410000002,20.5235410000002,20.5235410000002,20.5235410000002,242.0
1785796779,2,,Aggregated,0.000000,0.000000,21,21,21,21,21,21,21,21,21,21,21,1,0,20.5235410000002,20.5235410000002,20.5235410000002,20.5235410000002,242.0
1785796780,2,,Aggregated,0.000000,0.000000,21,21,21,21,21,21,21,21,21,21,21,1,0,20.5235410000002,20.5235410000002,20.5235410000002,20.5235410000002,242.0
1785796781,2,,Aggregated,0.000000,0.000000,21,21,21,21,21,21,21,21,21,21,21,1,0,20.5235410000002,20.5235410000002,20.5235410000002,20.5235410000002,242.0
1785796782,2,,Aggregated,0.000000,0.000000,21,21,21,21,21,21,21,21,21,21,21,1,0,20.5235410000002,20.5235410000002,20.5235410000002,20.5235410000002,242.0
1785796783,2,,Aggregated,0.000000,0.000000,21,21,21,21,21,21,21,21,21,21,21,1,0,20.5235410000002,20.5235410000002,20.5235410000002,20.5235410000002,242.0
1785796784,2,,Aggregated,0.000000,0.000000,21,21,21,21,21,21,21,21,21,21,21,1,0,20.5235410000002,20.5235410000002,20.5235410000002,20.5235410000002,242.0
1785796785,2,,Aggregated,0.000000,0.000000,21,21,21,21,21,21,21,21,21,21,21,1,0,20.5235410000002,20.5235410000002,20.5235410000002,20.5235410000002,242.0
1785796786,2,,Aggregated,0.000000,0.000000,21,21,21,21,21,21,21,21,21,21,21,1,0,20.5235410000002,20.5235410000002,20.5235410000002,20.5235410000002,242.0
1785796787,2,,Aggregated,0.000000,0.000000,21,21,21,21,21,21,21,21,21,21,21,1,0,20.5235410000002,20.5235410000002,20.5235410000002,20.5235410000002,242.0
1785796788,2,,Aggregated,0.000000,0.000000,21,21,21,21,21,21,21,21,21,21,21,1,0,20.5235410000002,20.5235410000002,20.5235410000002,20.5235410000002,242.0
1785796789,2,,Aggregated,0.000000,0.000000,21,21,21,21,21,21,21,21,21,21,21,1,0,20.5235410000002,20.5235410000002,20.5235410000002,20.5235410000002,242.0
1785796790,2,,Aggregated,0.000000,0.000000,21,21,21,21,21,21,21,21,21,21,21,1,0,20.5235410000002,20.5235410000002,20.5235410000002,20.5235410000002,242.0
1785796791,2,,Aggregated,0.000000,0.000000,21,21,21,21,21,21,21,21,21,21,21,1,0,20.5235410000002,20.5235410000002,20.5235410000002,20.5235410000002,242.0
1785796792,2,,Aggregated,0.000000,0.000000,21,21,21,21,21,21,21,21,21,21,21,1,0,20.5235410000002,20.5235410000002,20.5235410000002,20.5235410000002,242.0
1785796793,2,,Aggregated,0.000000,0.000000,21,21,21,21,21,21,21,21,21,21,21,1,0,20.5235410000002,20.5235410000002,20.5235410000002,20.5235410000002,242.0
1785796794,2,,Aggregated,0.000000,0.000000,21,21,21,21,21,21,21,21,21,21,21,1,0,20.5235410000002,20.5235410000002,20.5235410000002,20.5235410000002,242.0
1785796795,2,,Aggregated,0.000000,0.000000,21,21,21,21,21,21,21,21,21,21,21,1,0,20.5235410000002,20.5235410000002,20.5235410000002,20.5235410000002,242.0
1785796796,2,,Aggregated,0.000000,0.000000,21,21,21,21,21,21,21,21,21,21,21,1,0,20.5235410000002,20.5235410000002,20.5235410000002,20.5235410000002,242.0
1785796797,2,,Aggregated,0.000000,0.000000,21,21,21,21,21,21,21,21,21,21,21,1,0,20.5235410000002,20.5235410000002,20.5235410000002,20.5235410000002,242.0
1785796798,2,,Aggregated,0.000000,0.000000,21,21,21,21,21,21,21,21,21,21,21,1,0,20.5235410000002,20.5235410000002,20.5235410000002,20.5235410000002,242.0
1785796799,2,,Aggregated,0.000000,0.000000,21,21,21,21,21,21,21,21,21,21,21,1,0,20.5235410000002,20.5235410000002,20.5235410000002,20.5235410000002,242.0
1785796800,2,,Aggregated,0.000000,0.000000,21,21,21,21,21,21,21,21,21,21,21,1,0,20.5235410000002,20.5235410000002,20.5235410000002,20.5235410000002,242.0
1785796801,2,,Aggregated,0.000000,0.000000,21,21,21,21,21,21,21,21,21,21,21,1,0,20.5235410000002,20.5235410000002,20.5235410000002,20.5235410000002,242.0
1785796802,2,,Aggregated,0.000000,0.000000,21,21,21,21,21,21,21,21,21,21,21,1,0,20.5235410000002,20.5235410000002,20.5235410000002,20.5235410000002,242.0
1785796803,2,,Aggregated,0.000000,0.000000,21,21,21,21,21,21,21,21,21,21,21,1,0,20.5235410000002,20.5235410000002,20.5235410000002,20.5235410000002,242.0
1785796804,2,,Aggregated,0.000000,0.000000,21,21,21,21,21,21,21,21,21,21,21,1,0,20.5235410000002,20.5235410000002,20.5235410000002,20.5235410000002,242.0
1785796805,2,,Aggregated,0.000000,0.000000,21,21,21,21,21,21,21,21,21,21,21,1,0,20.5235410000002,20.5235410000002,20.5235410000002,20.5235410000002,242.0
1785796806,2,,Aggregated,0.000000,0.000000,21,21,21,21,21,21,21,21,21,21,21,1,0,20.5235410000002,20.5235410000002,20.5235410000002,20.5235410000002,242.0
1785796807,2,,Aggregated,0.000000,0.000000,21,21,21,21,21,21,21,21,21,21,21,1,0,20.5235410000002,20.5235410000002,20.5235410000002,20.5235410000002,242.0
1785796808,2,,Aggregated,0.000000,0.000000,21,21,21,21,21,21,21,21,21,21,21,1,0,20.5235410000002,20.5235410000002,20.5235410000002,20.5235410000002,242.0
1785796809,2,,Aggregated,0.000000,0.000000,21,21,21,21,21,21,21,21,21,21,21,1,0,20.5235410000002,20.5235410000002,20.5235410000002,20.5235410000002,242.0
1785796810,2,,Aggregated,0.000000,0.000000,21,21,21,21,21,21,21,21,21,21,21,1,0,20.5235410000002,20.5235410000002,20.5235410000002,20.5235410000002,242.0
1785796811,2,,Aggregated,0.000000,0.000000,21,21,21,21,21,21,21,21,21,21,21,1,0,20.5235410000002,20.5235410000002,20.5235410000002,20.5235410000002,242.0
1785796812,2,,Aggregated,0.000000,0.000000,21,21,21,21,21,21,21,21,21,21,21,1,0,20.5235410000002,20.5235410000002,20.5235410000002,20.5235410000002,242.0
1785796813,2,,Aggregated,0.000000,0.000000,21,21,21,21,21,21,21,21,21,21,21,1,0,20.5235410000002,20.5235410000002,20.5235410000002,20.5235410000002,242.0
1785796814,2,,Aggregated,0.000000,0.000000,21,21,21,21,21,21,21,21,21,21,21,1,0,20.5235410000002,20.5235410000002,20.5235410000002,20.5235410000002,242.0
1785796815,2,,Aggregated,0.000000,0.000000,21,21,21,21,21,21,21,21,21,21,21,1,0,20.5235410000002,20.5235410000002,20.5235410000002,20.5235410000002,242.0
1785796816,2,,Aggregated,0.000000,0.000000,21,21,21,21,21,21,21,21,21,21,21,1,0,20.5235410000002,20.5235410000002,20.5235410000002,20.5235410000002,242.0
1785796817,2,,Aggregated,0.000000,0.000000,21,21,21,21,21,21,21,21,21,21,21,1,0,20.5235410000002,20.5235410000002,20.5235410000002,20.5235410000002,242.0
1785796818,2,,Aggregated,0.000000,0.000000,21,21,21,21,21,21,21,21,21,21,21,1,0,20.5235410000002,20.5235410000002,20.5235410000002,20.5235410000002,242.0
1785796819,2,,Aggregated,0.000000,0.000000,21,21,21,21,21,21,21,21,21,21,21,1,0,20.5235410000002,20.5235410000002,20.5235410000002,20.5235410000002,242.0
1785796820,2,,Aggregated,0.000000,0.000000,21,21,21,21,21,21,21,21,21,21,21,1,0,20.5235410000002,20.5235410000002,20.5235410000002,20.5235410000002,242.0
1785796821,2,,Aggregated,0.000000,0.000000,21,21,21,21,21,21,21,21,21,21,21,1,0,20.5235410000002,20.5235410000002,20.5235410000002,20.5235410000002,242.0
1785796822,2,,Aggregated,0.000000,0.000000,21,21,21,21,21,21,21,21,21,21,21,1,0,20.5235410000002,20.5235410000002,20.5235410000002,20.5235410000002,242.0
1785796823,2,,Aggregated,0.000000,0.000000,21,21,21,21,21,21,21,21,21,21,21,1,0,20.5235410000002,20.5235410000002,20.5235410000002,20.5235410000002,242.0
1785796824,2,,Aggregated,0.000000,0.000000,21,21,21,21,21,21,21,21,21,21,21,1,0,20.5235410000002,20.5235410000002,20.5235410000002,20.5235410000002,242.0
1785796825,2,,Aggregated,0.000000,0.000000,21,21,21,21,21,21,21,21,21,21,21,1,0,20.5235410000002,20.5235410000002,20.5235410000002,20.5235410000002,242.0
1785796826,2,,Aggregated,0.000000,0.000000,21,21,21,21,21,21,21,21,21,21,21,1,0,20.5235410000002,20.5235410000002,20.5235410000002,20.5235410000002,242.0
1785796827,2,,Aggregated,0.000000,0.000000,21,21,21,21,21,21,21,21,21,21,21,1,0,20.5235410000002,20.5235410000002,20.5235410000002,20.5235410000002,242.0
1785796828,2,,Aggregated,0.000000,0.000000,21,21,21,21,21,21,21,21,21,21,21,1,0,20.5235410000002,20.5235410000002,20.5235410000002,20.5235410000002,242.0
1785796829,2,,Aggregated,0.000000,0.000000,21,21,21,21,21,21,21,21,21,21,21,1,0,20.5235410000002,20.5235410000002,20.5235410000002,20.5235410000002,242.0
1785796830,2,,Aggregated,0.000000,0.000000,21,21,21,21,21,21,21,21,21,21,21,1,0,20.5235410000002,20.5235410000002,20.5235410000002,20.5235410000002,242.0
1785796831,2,,Aggregated,0.000000,0.000000,21,21,21,21,21,21,21,21,21,21,21,1,0,20.5235410000002,20.5235410000002,20.5235410000002,20.5235410000002,242.0
1785796832,2,,Aggregated,0.000000,0.000000,21,21,21,21,21,21,21,21,21,21,21,1,0,20.5235410000002,20.5235410000002,20.5235410000002,20.5235410000002,242.0
1785796833,2,,Aggregated,0.000000,0.000000,21,21,21,21,21,21,21,21,21,21,21,1,0,20.5235410000002,20.5235410000002,20.5235410000002,20.5235410000002,242.0
1785796834,2,,Aggregated,0.000000,0.000000,21,21,21,21,21,21,21,21,21,21,21,1,0,20.5235410000002,20.5235410000002,20.5235410000002,20.5235410000002,242.0
1785796835,2,,Aggregated,0.000000,0.000000,21,21,21,21,21,21,21,21,21,21,21,1,0,20.5235410000002,20.5235410000002,20.5235410000002,20.5235410000002,242.0
1785796836,2,,Aggregated,0.000000,0.000000,21,21,21,21,21,21,21,21,21,21,21,1,0,20.5235410000002,20.5235410000002,20.5235410000002,20.5235410000002,242.0
1785796837,2,,Aggregated,0.000000,0.000000,21,21,21,21,21,21,21,21,21,21,21,1,0,20.5235410000002,20.5235410000002,20.5235410000002,20.5235410000002,242.0
1785796838,2,,Aggregated,0.000000,0.000000,21,21,21,21,21,21,21,21,21,21,21,1,0,20.5235410000002,20.5235410000002,20.5235410000002,20.5235410000002,242.0
1785796839,2,,Aggregated,0.000000,0.000000,21,21,21,21,21,21,21,21,21,21,21,1,0,20.5235410000002,20.5235410000002,20.5235410000002,20.5235410000002,242.0
1785796840,2,,Aggregated,0.000000,0.000000,21,21,21,21,21,21,21,21,21,21,21,1,0,20.5235410000002,20.5235410000002,20.5235410000002,20.5235410000002,242.0
1785796841,2,,Aggregated,0.000000,0.000000,21,21,21,21,21,21,21,21,21,21,21,1,0,20.5235410000002,20.5235410000002,20.5235410000002,20.5235410000002,242.0
1785796842,2,,Aggregated,0.000000,0.000000,21,21,21,21,21,21,21,21,21,21,21,1,0,20.5235410000002,20.5235410000002,20.5235410000002,20.5235410000002,242.0
1785796843,2,,Aggregated,0.000000,0.000000,21,21,21,21,21,21,21,21,21,21,21,1,0,20.5235410000002,20.5235410000002,20.5235410000002,20.5235410000002,242.0
1785796844,2,,Aggregated,0.000000,0.000000,21,21,21,21,21,21,21,21,21,21,21,1,0,20.5235410000002,20.5235410000002,20.5235410000002,20.5235410000002,242.0
1785796845,2,,Aggregated,0.000000,0.000000,21,21,21,21,21,21,21,21,21,21,21,1,0,20.5235410000002,20.5235410000002,20.5235410000002,20.5235410000002,242.0
1785796846,2,,Aggregated,0.000000,0.000000,21,21,21,21,21,21,21,21,21,21,21,1,0,20.5235410000002,20.5235410000002,20.5235410000002,20.5235410000002,242.0
1785796847,2,,Aggregated,0.000000,0.000000,21,21,21,21,21,21,21,21,21,21,21,1,0,20.5235410000002,20.5235410000002,20.5235410000002,20.5235410000002,242.0
1785796848,2,,Aggregated,0.000000,0.000000,21,21,21,21,21,21,21,21,21,21,21,1,0,20.5235410000002,20.5235410000002,20.5235410000002,20.5235410000002,242.0
1785796849,2,,Aggregated,0.000000,0.000000,21,21,21,21,21,21,21,21,21,21,21,1,0,20.5235410000002,20.5235410000002,20.5235410000002,20.5235410000002,242.0
1785796850,2,,Aggregated,0.000000,0.000000,21,21,21,21,21,21,21,21,21,21,21,1,0,20.5235410000002,20.5235410000002,20.5235410000002,20.5235410000002,242.0
1785796851,2,,Aggregated,0.000000,0.000000,21,21,21,21,21,21,21,21,21,21,21,1,0,20.5235410000002,20.5235410000002,20.5235410000002,20.5235410000002,242.0
1785796852,2,,Aggregated,0.000000,0.000000,21,21,21,21,21,21,21,21,21,21,21,1,0,20.5235410000002,20.5235410000002,20.5235410000002,20.5235410000002,242.0
1785796853,2,,Aggregated,0.000000,0.000000,21,21,21,21,21,21,21,21,21,21,21,1,0,20.5235410000002,20.5235410000002,20.5235410000002,20.5235410000002,242.0
1785796854,2,,Aggregated,0.000000,0.000000,21,21,21,21,21,21,21,21,21,21,21,1,0,20.5235410000002,20.5235410000002,20.5235410000002,20.5235410000002,242.0
1785796855,2,,Aggregated,0.000000,0.000000,21,21,21,21,21,21,21,21,21,21,21,1,0,20.5235410000002,20.5235410000002,20.5235410000002,20.5235410000002,242.0
1785796856,2,,Aggregated,0.000000,0.000000,21,21,21,21,21,21,21,21,21,21,21,1,0,20.5235410000002,20.5235410000002,20.5235410000002,20.5235410000002,242.0
1785796857,2,,Aggregated,0.000000,0.000000,21,21,21,21,21,21,21,21,21,21,21,1,0,20.5235410000002,20.5235410000002,20.5235410000002,20.5235410000002,242.0
1785796858,2,,Aggregated,0.000000,0.000000,21,21,21,21,21,21,21,21,21,21,21,1,0,20.5235410000002,20.5235410000002,20.5235410000002,20.5235410000002,242.0
1785796859,2,,Aggregated,0.000000,0.000000,21,21,21,21,21,21,21,21,21,21,21,1,0,20.5235410000002,20.5235410000002,20.5235410000002,20.5235410000002,242.0
1785796860,2,,Aggregated,0.000000,0.000000,21,21,21,21,21,21,21,21,21,21,21,1,0,20.5235410000002,20.5235410000002,20.5235410000002,20.5235410000002,242.0
1785796861,2,,Aggregated,0.000000,0.000000,21,21,21,21,21,21,21,21,21,21,21,1,0,20.5235410000002,20.5235410000002,20.5235410000002,20.5235410000002,242.0
1785796862,2,,Aggregated,0.000000,0.000000,21,21,21,21,21,21,21,21,21,21,21,1,0,20.5235410000002,20.5235410000002,20.5235410000002,20.5235410000002,242.0
1785796863,2,,Aggregated,0.000000,0.000000,21,21,21,21,21,21,21,21,21,21,21,1,0,20.5235410000002,20.5235410000002,20.5235410000002,20.5235410000002,242.0
1785796864,2,,Aggregated,0.000000,0.000000,21,21,21,21,21,21,21,21,21,21,21,1,0,20.5235410000002,20.5235410000002,20.5235410000002,20.5235410000002,242.0
1785796865,2,,Aggregated,0.000000,0.000000,21,21,21,21,21,21,21,21,21,21,21,1,0,20.5235410000002,20.5235410000002,20.5235410000002,20.5235410000002,242.0
1785796866,2,,Aggregated,0.000000,0.000000,21,21,21,21,21,21,21,21,21,21,21,1,0,20.5235410000002,20.5235410000002,20.5235410000002,20.5235410000002,242.0
1785796867,2,,Aggregated,0.000000,0.000000,21,21,21,21,21,21,21,21,21,21,21,1,0,20.5235410000002,20.5235410000002,20.5235410000002,20.5235410000002,242.0
1785796868,2,,Aggregated,0.000000,0.000000,21,21,21,21,21,21,21,21,21,21,21,1,0,20.5235410000002,20.5235410000002,20.5235410000002,20.5235410000002,242.0
1785796869,2,,Aggregated,0.000000,0.000000,21,21,21,21,21,21,21,21,21,21,21,1,0,20.5235410000002,20.5235410000002,20.5235410000002,20.5235410000002,242.0
1785796870,2,,Aggregated,0.000000,0.000000,21,21,21,21,21,21,21,21,21,21,21,1,0,20.5235410000002,20.5235410000002,20.5235410000002,20.5235410000002,242.0
1785796871,2,,Aggregated,0.000000,0.000000,21,21,21,21,21,21,21,21,21,21,21,1,0,20.5235410000002,20.5235410000002,20.5235410000002,20.5235410000002,242.0
1785796872,2,,Aggregated,0.000000,0.000000,21,21,21,21,21,21,21,21,21,21,21,1,0,20.5235410000002,20.5235410000002,20.5235410000002,20.5235410000002,242.0
1785796873,2,,Aggregated,0.000000,0.000000,21,21,21,21,21,21,21,21,21,21,21,1,0,20.5235410000002,20.5235410000002,20.5235410000002,20.5235410000002,242.0
1785796874,2,,Aggregated,0.000000,0.000000,21,21,21,21,21,21,21,21,21,21,21,1,0,20.5235410000002,20.5235410000002,20.5235410000002,20.5235410000002,242.0
1785796876,2,,Aggregated,0.000000,0.000000,21,21,21,21,21,21,21,21,21,21,21,1,0,20.5235410000002,20.5235410000002,20.5235410000002,20.5235410000002,242.0
1785796877,2,,Aggregated,0.000000,0.000000,21,21,21,21,21,21,21,21,21,21,21,1,0,20.5235410000002,20.5235410000002,20.5235410000002,20.5235410000002,242.0
1785796878,2,,Aggregated,0.000000,0.000000,21,21,21,21,21,21,21,21,21,21,21,1,0,20.5235410000002,20.5235410000002,20.5235410000002,20.5235410000002,242.0
1785796879,2,,Aggregated,0.000000,0.000000,21,21,21,21,21,21,21,21,21,21,21,1,0,20.5235410000002,20.5235410000002,20.5235410000002,20.5235410000002,242.0
1785796880,2,,Aggregated,0.000000,0.000000,21,21,21,21,21,21,21,21,21,21,21,1,0,20.5235410000002,20.5235410000002,20.5235410000002,20.5235410000002,242.0
1785796881,2,,Aggregated,0.000000,0.000000,21,21,21,21,21,21,21,21,21,21,21,1,0,20.5235410000002,20.5235410000002,20.5235410000002,20.5235410000002,242.0
1785796882,2,,Aggregated,0.000000,0.000000,21,21,21,21,21,21,21,21,21,21,21,1,0,20.5235410000002,20.5235410000002,20.5235410000002,20.5235410000002,242.0
1785796883,2,,Aggregated,0.000000,0.000000,21,21,21,21,21,21,21,21,21,21,21,1,0,20.5235410000002,20.5235410000002,20.5235410000002,20.5235410000002,242.0
1785796884,2,,Aggregated,0.000000,0.000000,21,21,21,21,21,21,21,21,21,21,21,1,0,20.5235410000002,20.5235410000002,20.5235410000002,20.5235410000002,242.0
1785796885,2,,Aggregated,0.000000,0.000000,21,21,21,21,21,21,21,21,21,21,21,1,0,20.5235410000002,20.5235410000002,20.5235410000002,20.5235410000002,242.0
1785796886,2,,Aggregated,0.000000,0.000000,21,21,21,21,21,21,21,21,21,21,21,1,0,20.5235410000002,20.5235410000002,20.5235410000002,20.5235410000002,242.0
1785796887,2,,Aggregated,0.000000,0.000000,21,21,21,21,21,21,21,21,21,21,21,1,0,20.5235410000002,20.5235410000002,20.5235410000002,20.5235410000002,242.0
1785796888,2,,Aggregated,0.000000,0.000000,21,21,21,21,21,21,21,21,21,21,21,1,0,20.5235410000002,20.5235410000002,20.5235410000002,20.5235410000002,242.0
1785796889,2,,Aggregated,0.000000,0.000000,21,21,21,21,21,21,21,21,21,21,21,1,0,20.5235410000002,20.5235410000002,20.5235410000002,20.5235410000002,242.0
1785796890,2,,Aggregated,0.000000,0.000000,21,21,21,21,21,21,21,21,21,21,21,1,0,20.5235410000002,20.5235410000002,20.5235410000002,20.5235410000002,242.0
1785796891,2,,Aggregated,0.000000,0.000000,21,21,21,21,21,21,21,21,21,21,21,1,0,20.5235410000002,20.5235410000002,20.5235410000002,20.5235410000002,242.0
1785796892,2,,Aggregated,0.000000,0.000000,21,21,21,21,21,21,21,21,21,21,21,1,0,20.5235410000002,20.5235410000002,20.5235410000002,20.5235410000002,242.0
1785796893,2,,Aggregated,0.000000,0.000000,21,21,21,21,21,21,21,21,21,21,21,1,0,20.5235410000002,20.5235410000002,20.5235410000002,20.5235410000002,242.0
1785796894,2,,Aggregated,0.000000,0.000000,21,21,21,21,21,21,21,21,21,21,21,1,0,20.5235410000002,20.5235410000002,20.5235410000002,20.5235410000002,242.0
1785796895,2,,Aggregated,0.000000,0.000000,21,21,21,21,21,21,21,21,21,21,21,1,0,20.5235410000002,20.5235410000002,20.5235410000002,20.5235410000002,242.0
1785796896,2,,Aggregated,0.000000,0.000000,21,21,21,21,21,21,21,21,21,21,21,1,0,20.5235410000002,20.5235410000002,20.5235410000002,20.5235410000002,242.0
1785796897,2,,Aggregated,0.000000,0.000000,21,21,21,21,21,21,21,21,21,21,21,1,0,20.5235410000002,20.5235410000002,20.5235410000002,20.5235410000002,242.0
1785796898,2,,Aggregated,0.000000,0.000000,21,21,21,21,21,21,21,21,21,21,21,1,0,20.5235410000002,20.5235410000002,20.5235410000002,20.5235410000002,242.0
1785796899,2,,Aggregated,0.000000,0.000000,21,21,21,21,21,21,21,21,21,21,21,1,0,20.5235410000002,20.5235410000002,20.5235410000002,20.5235410000002,242.0
1785796900,2,,Aggregated,0.000000,0.000000,21,21,21,21,21,21,21,21,21,21,21,1,0,20.5235410000002,20.5235410000002,20.5235410000002,20.5235410000002,242.0
1785796901,2,,Aggregated,0.000000,0.000000,21,21,21,21,21,21,21,21,21,21,21,1,0,20.5235410000002,20.5235410000002,20.5235410000002,20.5235410000002,242.0
1785796902,2,,Aggregated,0.000000,0.000000,21,21,21,21,21,21,21,21,21,21,21,1,0,20.5235410000002,20.5235410000002,20.5235410000002,20.5235410000002,242.0
1785796903,2,,Aggregated,0.000000,0.000000,21,21,21,21,21,21,21,21,21,21,21,1,0,20.5235410000002,20.5235410000002,20.5235410000002,20.5235410000002,242.0
1785796904,2,,Aggregated,0.000000,0.000000,21,21,21,21,21,21,21,21,21,21,21,1,0,20.5235410000002,20.5235410000002,20.5235410000002,20.5235410000002,242.0
1785796905,2,,Aggregated,0.000000,0.000000,21,21,21,21,21,21,21,21,21,21,21,1,0,20.5235410000002,20.5235410000002,20.5235410000002,20.5235410000002,242.0
1785796906,2,,Aggregated,0.000000,0.000000,21,21,21,21,21,21,21,21,21,21,21,1,0,20.5235410000002,20.5235410000002,20.5235410000002,20.5235410000002,242.0
1785796907,2,,Aggregated,0.000000,0.000000,21,21,21,21,21,21,21,21,21,21,21,1,0,20.5235410000002,20.5235410000002,20.5235410000002,20.5235410000002,242.0
1785796908,2,,Aggregated,0.000000,0.000000,21,21,21,21,21,21,21,21,21,21,21,1,0,20.5235410000002,20.5235410000002,20.5235410000002,20.5235410000002,242.0
1785796909,2,,Aggregated,0.000000,0.000000,21,21,21,21,21,21,21,21,21,21,21,1,0,20.5235410000002,20.5235410000002,20.5235410000002,20.5235410000002,242.0
1785796910,2,,Aggregated,0.000000,0.000000,21,21,21,21,21,21,21,21,21,21,21,1,0,20.5235410000002,20.5235410000002,20.5235410000002,20.5235410000002,242.0
1785796911,2,,Aggregated,0.000000,0.000000,21,21,21,21,21,21,21,21,21,21,21,1,0,20.5235410000002,20.5235410000002,20.5235410000002,20.5235410000002,242.0
1785796912,2,,Aggregated,0.000000,0.000000,21,21,21,21,21,21,21,21,21,21,21,1,0,20.5235410000002,20.5235410000002,20.5235410000002,20.5235410000002,242.0
1785796913,2,,Aggregated,0.000000,0.000000,21,21,21,21,21,21,21,21,21,21,21,1,0,20.5235410000002,20.5235410000002,20.5235410000002,20.5235410000002,242.0
1785796914,2,,Aggregated,0.000000,0.000000,21,21,21,21,21,21,21,21,21,21,21,1,0,20.5235410000002,20.5235410000002,20.5235410000002,20.5235410000002,242.0
1785796915,2,,Aggregated,0.000000,0.000000,21,21,21,21,21,21,21,21,21,21,21,1,0,20.5235410000002,20.5235410000002,20.5235410000002,20.5235410000002,242.0
1785796916,2,,Aggregated,0.000000,0.000000,21,21,21,21,21,21,21,21,21,21,21,1,0,20.5235410000002,20.5235410000002,20.5235410000002,20.5235410000002,242.0
1785796917,2,,Aggregated,0.000000,0.000000,21,21,21,21,21,21,21,21,21,21,21,1,0,20.5235410000002,20.5235410000002,20.5235410000002,20.5235410000002,242.0
1785796918,2,,Aggregated,0.000000,0.000000,21,21,21,21,21,21,21,21,21,21,21,1,0,20.5235410000002,20.5235410000002,20.5235410000002,20.5235410000002,242.0
1785796919,2,,Aggregated,0.000000,0.000000,21,21,21,21,21,21,21,21,21,21,21,1,0,20.5235410000002,20.5235410000002,20.5235410000002,20.5235410000002,242.0
1785796920,2,,Aggregated,0.000000,0.000000,21,21,21,21,21,21,21,21,21,21,21,1,0,20.5235410000002,20.5235410000002,20.5235410000002,20.5235410000002,242.0
1785796921,2,,Aggregated,0.000000,0.000000,21,21,21,21,21,21,21,21,21,21,21,1,0,20.5235410000002,20.5235410000002,20.5235410000002,20.5235410000002,242.0
1785796922,2,,Aggregated,0.000000,0.000000,21,21,21,21,21,21,21,21,21,21,21,1,0,20.5235410000002,20.5235410000002,20.5235410000002,20.5235410000002,242.0
1785796923,2,,Aggregated,0.000000,0.000000,21,21,21,21,21,21,21,21,21,21,21,1,0,20.5235410000002,20.5235410000002,20.5235410000002,20.5235410000002,242.0
1785796924,2,,Aggregated,0.000000,0.000000,21,21,21,21,21,21,21,21,21,21,21,1,0,20.5235410000002,20.5235410000002,20.5235410000002,20.5235410000002,242.0
1785796925,2,,Aggregated,0.000000,0.000000,21,21,21,21,21,21,21,21,21,21,21,1,0,20.5235410000002,20.5235410000002,20.5235410000002,20.5235410000002,242.0
1785796926,2,,Aggregated,0.000000,0.000000,21,21,21,21,21,21,21,21,21,21,21,1,0,20.5235410000002,20.5235410000002,20.5235410000002,20.5235410000002,242.0
1785796927,2,,Aggregated,0.000000,0.000000,21,21,21,21,21,21,21,21,21,21,21,1,0,20.5235410000002,20.5235410000002,20.5235410000002,20.5235410000002,242.0
1785796928,2,,Aggregated,0.000000,0.000000,21,21,21,21,21,21,21,21,21,21,21,1,0,20.5235410000002,20.5235410000002,20.5235410000002,20.5235410000002,242.0
1785796929,2,,Aggregated,0.000000,0.000000,21,21,21,21,21,21,21,21,21,21,21,1,0,20.5235410000002,20.5235410000002,20.5235410000002,20.5235410000002,242.0
1785796930,2,,Aggregated,0.000000,0.000000,21,21,21,21,21,21,21,21,21,21,21,1,0,20.5235410000002,20.5235410000002,20.5235410000002,20.5235410000002,242.0
1785796931,2,,Aggregated,0.000000,0.000000,21,21,21,21,21,21,21,21,21,21,21,1,0,20.5235410000002,20.5235410000002,20.5235410000002,20.5235410000002,242.0
1785796932,2,,Aggregated,0.000000,0.000000,21,21,21,21,21,21,21,21,21,21,21,1,0,20.5235410000002,20.5235410000002,20.5235410000002,20.5235410000002,242.0
1785796933,2,,Aggregated,0.000000,0.000000,21,21,21,21,21,21,21,21,21,21,21,1,0,20.5235410000002,20.5235410000002,20.5235410000002,20.5235410000002,242.0
1785796934,2,,Aggregated,0.000000,0.000000,21,21,21,21,21,21,21,21,21,21,21,1,0,20.5235410000002,20.5235410000002,20.5235410000002,20.5235410000002,242.0
1785796935,2,,Aggregated,0.000000,0.000000,21,21,21,21,21,21,21,21,21,21,21,1,0,20.5235410000002,20.5235410000002,20.5235410000002,20.5235410000002,242.0
1785796936,2,,Aggregated,0.000000,0.000000,21,21,21,21,21,21,21,21,21,21,21,1,0,20.5235410000002,20.5235410000002,20.5235410000002,20.5235410000002,242.0
1785796937,2,,Aggregated,0.000000,0.000000,21,21,21,21,21,21,21,21,21,21,21,1,0,20.5235410000002,20.5235410000002,20.5235410000002,20.5235410000002,242.0
1785796938,2,,Aggregated,0.000000,0.000000,21,21,21,21,21,21,21,21,21,21,21,1,0,20.5235410000002,20.5235410000002,20.5235410000002,20.5235410000002,242.0
1785796939,2,,Aggregated,0.000000,0.000000,21,21,21,21,21,21,21,21,21,21,21,1,0,20.5235410000002,20.5235410000002,20.5235410000002,20.5235410000002,242.0
1785796940,2,,Aggregated,0.000000,0.000000,21,21,21,21,21,21,21,21,21,21,21,1,0,20.5235410000002,20.5235410000002,20.5235410000002,20.5235410000002,242.0
1785796941,2,,Aggregated,0.000000,0.000000,21,21,21,21,21,21,21,21,21,21,21,1,0,20.5235410000002,20.5235410000002,20.5235410000002,20.5235410000002,242.0
1785796942,2,,Aggregated,0.000000,0.000000,21,21,21,21,21,21,21,21,21,21,21,1,0,20.5235410000002,20.5235410000002,20.5235410000002,20.5235410000002,242.0
1785796943,2,,Aggregated,0.000000,0.000000,21,21,21,21,21,21,21,21,21,21,21,1,0,20.5235410000002,20.5235410000002,20.5235410000002,20.5235410000002,242.0
1785796944,2,,Aggregated,0.000000,0.000000,21,21,21,21,21,21,21,21,21,21,21,1,0,20.5235410000002,20.5235410000002,20.5235410000002,20.5235410000002,242.0
1785796945,2,,Aggregated,0.000000,0.000000,21,21,21,21,21,21,21,21,21,21,21,1,0,20.5235410000002,20.5235410000002,20.5235410000002,20.5235410000002,242.0
1785796946,2,,Aggregated,0.000000,0.000000,21,21,21,21,21,21,21,21,21,21,21,1,0,20.5235410000002,20.5235410000002,20.5235410000002,20.5235410000002,242.0
1785796947,2,,Aggregated,0.000000,0.000000,21,21,21,21,21,21,21,21,21,21,21,1,0,20.5235410000002,20.5235410000002,20.5235410000002,20.5235410000002,242.0
1785796948,2,,Aggregated,0.000000,0.000000,21,21,21,21,21,21,21,21,21,21,21,1,0,20.5235410000002,20.5235410000002,20.5235410000002,20.5235410000002,242.0
1785796949,2,,Aggregated,0.000000,0.000000,21,21,21,21,21,21,21,21,21,21,21,1,0,20.5235410000002,20.5235410000002,20.5235410000002,20.5235410000002,242.0
1785796950,2,,Aggregated,0.000000,0.000000,21,21,21,21,21,21,21,21,21,21,21,1,0,20.5235410000002,20.5235410000002,20.5235410000002,20.5235410000002,242.0
1785796951,2,,Aggregated,0.000000,0.000000,21,21,21,21,21,21,21,21,21,21,21,1,0,20.5235410000002,20.5235410000002,20.5235410000002,20.5235410000002,242.0
1785796952,2,,Aggregated,0.000000,0.000000,21,21,21,21,21,21,21,21,21,21,21,1,0,20.5235410000002,20.5235410000002,20.5235410000002,20.5235410000002,242.0
1785796953,2,,Aggregated,0.000000,0.000000,21,21,21,21,21,21,21,21,21,21,21,1,0,20.5235410000002,20.5235410000002,20.5235410000002,20.5235410000002,242.0
1785796954,2,,Aggregated,0.000000,0.000000,21,21,21,21,21,21,21,21,21,21,21,1,0,20.5235410000002,20.5235410000002,20.5235410000002,20.5235410000002,242.0
1785796955,2,,Aggregated,0.000000,0.000000,21,21,21,21,21,21,21,21,21,21,21,1,0,20.5235410000002,20.5235410000002,20.5235410000002,20.5235410000002,242.0
1785796956,2,,Aggregated,0.000000,0.000000,21,21,21,21,21,21,21,21,21,21,21,1,0,20.5235410000002,20.5235410000002,20.5235410000002,20.5235410000002,242.0
1785796957,2,,Aggregated,0.000000,0.000000,21,21,21,21,21,21,21,21,21,21,21,1,0,20.5235410000002,20.5235410000002,20.5235410000002,20.5235410000002,242.0
